[{"type":"row","sort_order":"1","specific_class":"","id_unique":"it_CTHSHSYHLTAT","child":[{"type":"col","sort_order":"1","specific_class":"inset-0","col_xs":"col-xs-12","col_sm":"col-sm-6","col_md":"","col_lg":"","id_unique":"it_USZJBMZBABEG","child":[{"type":"module","sort_order":"1","specific_class":"rd-parallax-4","module_name":"blocknewsletter","id_unique":"it_ZLCHQFCEYWYI","origin_hook":"displayFooter","child":false}]},{"type":"col","sort_order":"2","specific_class":"inset-0","col_xs":"col-xs-12","col_sm":"col-sm-6","col_md":"","col_lg":"","id_unique":"it_OPNQDWBDOIRZ","child":[{"type":"module","sort_order":"1","specific_class":"","module_name":"tmgooglemap","id_unique":"it_SZWZJBPSYUNR","origin_hook":"displayFooter","child":false}]}]},{"type":"wrapper","sort_order":"2","specific_class":"container","id_unique":"it_CTKXVKOLQACS","child":[{"type":"row","sort_order":"1","specific_class":"","id_unique":"it_PIRSAJJTTCWJ","child":[{"type":"col","sort_order":"1","specific_class":"","col_xs":"col-xs-12","col_sm":"col-sm-6","col_md":"","col_lg":"","id_unique":"it_IZKUSHOVDCVS","child":[{"type":"module","sort_order":"1","specific_class":"footer-block","module_name":"tmhtmlcontent","id_unique":"it_URGFFRDBYKLV","origin_hook":"displayFooter","child":false},{"type":"module","sort_order":"2","specific_class":"","module_name":"blockcontactinfos","id_unique":"it_KXJMQTSQYBCB","origin_hook":"displayFooter","child":false}]},{"type":"col","sort_order":"2","specific_class":"","col_xs":"col-xs-12","col_sm":"col-sm-3","col_md":"","col_lg":"","id_unique":"it_NJPJOFYMRLIV","child":[{"type":"module","sort_order":"1","specific_class":"","module_name":"blockcms","id_unique":"it_XXUGECCWYYDE","origin_hook":"displayFooter","child":false}]},{"type":"col","sort_order":"3","specific_class":"","col_xs":"col-xs-12","col_sm":"col-sm-3","col_md":"","col_lg":"","id_unique":"it_AHYMCGDBZCIY","child":[{"type":"module","sort_order":"1","specific_class":"","module_name":"blockmyaccountfooter","id_unique":"it_ZSIPKYQJTMJA","origin_hook":"displayFooter","child":false}]}]},{"type":"row","sort_order":"2","specific_class":"","id_unique":"it_MHSCPUBKLWGU","child":[{"type":"col","sort_order":"1","specific_class":"copyright-block","col_xs":"col-xs-12","col_sm":"","col_md":"","col_lg":"","id_unique":"it_FVKUOMZSLGZJ","child":[{"type":"module","sort_order":"2","specific_class":"","module_name":"blocksocial","id_unique":"it_QAFSBWFOJZGX","origin_hook":"displayFooter","child":false},{"type":"block","sort_order":"1","specific_class":"","module_name":"copyright","id_unique":"it_KXUPORXVCXCI","child":false}]}]}]},{"type":"wrapper","sort_order":"3","specific_class":"","id_unique":"it_TJDIAWWSLXGO","child":[{"type":"row","sort_order":"1","specific_class":"","id_unique":"it_JRYCCBHPBOKW","child":[{"type":"col","sort_order":"1","specific_class":"","col_xs":"col-xs-12","col_sm":"","col_md":"","col_lg":"","id_unique":"it_QKBNTAALFARP","child":[{"type":"module","sort_order":"1","specific_class":"","module_name":"blocklayered","id_unique":"it_HVZUMOBZWLJO","origin_hook":"displayFooter","child":false},{"type":"module","sort_order":"2","specific_class":"","module_name":"statsdata","id_unique":"it_YZRWBLDRSGQL","origin_hook":"displayFooter","child":false},{"type":"module","sort_order":"3","specific_class":"","module_name":"themeconfigurator","id_unique":"it_HVIKIFNXJGFY","origin_hook":"displayFooter","child":false},{"type":"module","sort_order":"4","specific_class":"","module_name":"tmolarkchat","id_unique":"it_MSZDJLHVTWEM","origin_hook":"displayFooter","child":false},{"type":"module","sort_order":"5","specific_class":"","module_name":"tmnewsletter","id_unique":"it_BITDCLUMZZTY","origin_hook":"displayFooter","child":false},{"type":"module","sort_order":"6","specific_class":"","module_name":"tminfinitescroll","id_unique":"it_IAZPFAMOVTPP","origin_hook":"displayFooter","child":false}]}]}]}]