[{"type":"wrapper","sort_order":"1","specific_class":"container bg-dark inset-1 nav-section","id_unique":"it_GTOTGSLCTMAK","child":[{"type":"row","sort_order":"1","specific_class":"align-items-center","id_unique":"it_HWFKYXXAJIWH","child":[{"type":"col","sort_order":"1","specific_class":"align-items-center responsive-elements","col_xs":"col-xs-12","col_sm":"","col_md":"col-md-5","col_lg":"","id_unique":"it_XDKBUUVFBMLX","child":[{"type":"row","sort_order":"1","specific_class":"config-wrap","id_unique":"it_VYMXQLURZQPS","child":[{"type":"col","sort_order":"1","specific_class":"toogle_content config-body","col_xs":"col-xs-12","col_sm":"","col_md":"","col_lg":"","id_unique":"it_XCFQUACDOOQT","child":[{"type":"module","sort_order":"1","specific_class":"","module_name":"blocklanguages","id_unique":"it_CQRQCPGEMGAN","origin_hook":"displayNav","child":false},{"type":"module","sort_order":"2","specific_class":"","module_name":"blockcurrencies","id_unique":"it_DJHPWXBLUOGH","origin_hook":"displayNav","child":false}]}]},{"type":"module","sort_order":"2","specific_class":"dont-move","module_name":"blockcontact","id_unique":"it_LIIGJKOVUWLH","origin_hook":"displayNav","child":false}]},{"type":"col","sort_order":"2","specific_class":"justify-end align-items-center responsive-elements-2","col_xs":"col-xs-12","col_sm":"","col_md":"col-md-7","col_lg":"","id_unique":"it_ONIRSPLUDYMT","child":[{"type":"module","sort_order":"2","specific_class":"","module_name":"tmsearch","id_unique":"it_RCOMGPSKWURO","origin_hook":"displayTop","child":false},{"type":"module","sort_order":"1","specific_class":"with-out-icon","module_name":"tmheaderaccount","id_unique":"it_LBEHKDTYCHPJ","origin_hook":"displayNav","child":false}]}]}]},{"type":"wrapper","sort_order":"3","specific_class":"container stick-up-container offset-1","id_unique":"it_NEJYLULRSXUM","child":[{"type":"row","sort_order":"1","specific_class":"align-items-center","id_unique":"it_COHKPKANCQIL","child":[{"type":"col","sort_order":"1","specific_class":"","col_xs":"col-xs-12","col_sm":"col-sm-2","col_md":"","col_lg":"","id_unique":"it_NGTJPDFPPFQZ","child":[{"type":"block","sort_order":"1","specific_class":"","module_name":"logo","id_unique":"it_SHIJDQDZSLGG","child":false}]},{"type":"col","sort_order":"2","specific_class":"justify-end align-items-center responsive-wrapper pos-static","col_xs":"col-xs-12","col_sm":"col-sm-10","col_md":"","col_lg":"","id_unique":"it_OXICDSDSDWOE","child":[{"type":"module","sort_order":"1","specific_class":"font-regular","module_name":"tmmegamenu","id_unique":"it_YSGHOOEHXHJN","origin_hook":"displayTop","child":false},{"type":"module","sort_order":"2","specific_class":"ml-auto with-out-icon mobile-hidden","module_name":"blockwishlist","id_unique":"it_TXAGKOELLQGL","origin_hook":"displayTop","child":false},{"type":"module","sort_order":"3","specific_class":"with-out-icon","module_name":"blockcart","id_unique":"it_ZIUOCZVUFLHM","origin_hook":"displayTop","child":false}]}]}]},{"type":"wrapper","sort_order":"4","specific_class":"","id_unique":"it_TOFNRQQZLSAT","child":[{"type":"row","sort_order":"1","specific_class":"","id_unique":"it_YTZGXEFHMPTK","child":[{"type":"col","sort_order":"1","specific_class":"","col_xs":"col-xs-12","col_sm":"","col_md":"","col_lg":"","id_unique":"it_QZBBHSJOQASC","child":[{"type":"module","sort_order":"1","specific_class":"","module_name":"sekeywords","id_unique":"it_DINUULHFDIZW","origin_hook":"displayTop","child":false},{"type":"module","sort_order":"2","specific_class":"","module_name":"pagesnotfound","id_unique":"it_DQFOSANXHMTK","origin_hook":"displayTop","child":false}]}]}]}]