[{"type":"wrapper","sort_order":"1","specific_class":"container stick-up-container offset-1","id_unique":"it_VFAOEYVDIPAE","child":[{"type":"row","sort_order":"1","specific_class":"align-items-center","id_unique":"it_NKFXBOPIULUJ","child":[{"type":"col","sort_order":"1","specific_class":"","col_xs":"col-xs-12","col_sm":"col-sm-2","col_md":"","col_lg":"","id_unique":"it_VDWPTGLXZWRT","child":[{"type":"block","sort_order":"1","specific_class":"","module_name":"logo","id_unique":"it_WSALWIAWUKSP","child":false}]},{"type":"col","sort_order":"2","specific_class":"pos-static responsive-elements xs-hidden","col_xs":"col-xs-12","col_sm":"col-sm-2","col_md":"col-md-6","col_lg":"","id_unique":"it_XWNKILMZNAFW","child":[{"type":"module","sort_order":"1","specific_class":"","module_name":"tmmegamenu","id_unique":"it_EXANVFNAUDML","origin_hook":"displayTop","child":false}]},{"type":"col","sort_order":"3","specific_class":"justify-end align-items-center responsive-wrapper","col_xs":"col-xs-12","col_sm":"col-sm-8","col_md":"col-md-4","col_lg":"","id_unique":"it_AYFJCMNBILWR","child":[{"type":"module","sort_order":"2","specific_class":"","module_name":"tmheaderaccount","id_unique":"it_NAWETUKOJYML","origin_hook":"displayNav","child":false},{"type":"module","sort_order":"3","specific_class":"","module_name":"tmsearch","id_unique":"it_BYHJNRMJVFIW","origin_hook":"displayTop","child":false},{"type":"module","sort_order":"4","specific_class":"mobile-hidden","module_name":"blockwishlist","id_unique":"it_CAUTZYVFZBBR","origin_hook":"displayTop","child":false},{"type":"module","sort_order":"5","specific_class":"","module_name":"blockcart","id_unique":"it_UCJUYIBUXACU","origin_hook":"displayTop","child":false},{"type":"row","sort_order":"1","specific_class":"config-wrap","id_unique":"it_KOMRYMPMJALB","child":[{"type":"col","sort_order":"1","specific_class":"toogle_content config-body","col_xs":"col-xs-12","col_sm":"","col_md":"","col_lg":"","id_unique":"it_DWYKLPWCOOLJ","child":[{"type":"module","sort_order":"1","specific_class":"","module_name":"blocklanguages","id_unique":"it_ESKOFJSSVDLG","origin_hook":"displayNav","child":false},{"type":"module","sort_order":"2","specific_class":"","module_name":"blockcurrencies","id_unique":"it_AMQGXYMUSMOD","origin_hook":"displayNav","child":false}]}]}]}]}]},{"type":"wrapper","sort_order":"2","specific_class":"","id_unique":"it_FHVJPUSUTYNY","child":[{"type":"row","sort_order":"1","specific_class":"","id_unique":"it_JPBAWDEDSDIN","child":[{"type":"col","sort_order":"1","specific_class":"","col_xs":"col-xs-12","col_sm":"","col_md":"","col_lg":"","id_unique":"it_LLFBLWESZRDX","child":[{"type":"module","sort_order":"1","specific_class":"","module_name":"sekeywords","id_unique":"it_DYRBJZOKJOTE","origin_hook":"displayTop","child":false},{"type":"module","sort_order":"2","specific_class":"","module_name":"pagesnotfound","id_unique":"it_YSDMXKWPFDOU","origin_hook":"displayTop","child":false}]}]}]}]