[{"type":"wrapper","sort_order":"1","specific_class":"container offset-4","id_unique":"it_HIMCWJYDLSDT","child":[{"type":"row","sort_order":"1","specific_class":"","id_unique":"it_ONUHNUDFVWDC","child":[{"type":"col","sort_order":"1","specific_class":"","col_xs":"col-xs-12","col_sm":"","col_md":"","col_lg":"","id_unique":"it_ZATGSJJUBSVX","child":[{"type":"block","sort_order":"1","specific_class":"","module_name":"tabs","id_unique":"it_MEKBAUVWKSBE","child":false}]}]},{"type":"row","sort_order":"2","specific_class":"offset-4","id_unique":"it_POSZSAGPZPPH","child":[{"type":"col","sort_order":"1","specific_class":"","col_xs":"col-xs-12","col_sm":"","col_md":"","col_lg":"","id_unique":"it_PEDNBXLYNOAH","child":[{"type":"module","sort_order":"1","specific_class":"","module_name":"themeconfigurator","id_unique":"it_CJFEAQUWAAVR","origin_hook":"displayHome","child":false}]}]},{"type":"row","sort_order":"3","specific_class":"offset-4","id_unique":"it_IMQHNXXWXFFE","child":[{"type":"col","sort_order":"1","specific_class":"","col_xs":"col-xs-12","col_sm":"","col_md":"","col_lg":"","id_unique":"it_LMAMLTWUNGRT","child":[{"type":"module","sort_order":"1","specific_class":"","module_name":"blockcmsinfo","id_unique":"it_ZPDZJZYTEPWN","origin_hook":"displayHome","child":false}]}]},{"type":"row","sort_order":"4","specific_class":"offset-3","id_unique":"it_PAZQQNPSTUYB","child":[{"type":"col","sort_order":"1","specific_class":"","col_xs":"col-xs-12","col_sm":"","col_md":"","col_lg":"","id_unique":"it_LMZJHSCZPANY","child":[{"type":"module","sort_order":"1","specific_class":"carousel","module_name":"smartbloghomelatestnews","id_unique":"it_ZCRDBRZZHBSH","origin_hook":"displayHome","child":false}]}]},{"type":"row","sort_order":"5","specific_class":"offset-4 divider-top-big inset-6","id_unique":"it_IPEBNGRGSXDG","child":[{"type":"col","sort_order":"1","specific_class":"","col_xs":"col-xs-12","col_sm":"","col_md":"","col_lg":"","id_unique":"it_AEWZFVGBZUMA","child":[{"type":"module","sort_order":"1","specific_class":"","module_name":"tmmanufacturerblock","id_unique":"it_ETJOOZPRBJBJ","origin_hook":"displayHome","child":false}]}]}]}]