[{"type":"wrapper","sort_order":"1","specific_class":"container offset-4","id_unique":"it_MGATCYOTKHWU","child":[{"type":"row","sort_order":"1","specific_class":"","id_unique":"it_GAFYMSXXTIZM","child":[{"type":"col","sort_order":"1","specific_class":"","col_xs":"col-xs-12","col_sm":"","col_md":"","col_lg":"","id_unique":"it_YHHKJNEZGRVQ","child":[{"type":"module","sort_order":"1","specific_class":"","module_name":"tmhtmlcontent","id_unique":"it_UNXLCRQCJMTA","origin_hook":"displayTopColumn","child":false}]}]}]}]