[{"type":"wrapper","sort_order":"1","specific_class":"container bg-dark inset-1 nav-section","id_unique":"it_CDYELWLMYOOT","child":[{"type":"row","sort_order":"1","specific_class":"align-items-center","id_unique":"it_CNRXHUEHOLDW","child":[{"type":"col","sort_order":"1","specific_class":"align-items-center justify-space-between-sm","col_xs":"col-xs-12","col_sm":"","col_md":"col-md-5","col_lg":"","id_unique":"it_UZXLODTEFRKA","child":[{"type":"row","sort_order":"1","specific_class":"config-wrap","id_unique":"it_RNPCAJDMINXZ","child":[{"type":"col","sort_order":"1","specific_class":"toogle_content config-body","col_xs":"col-xs-12","col_sm":"","col_md":"","col_lg":"","id_unique":"it_GSFUZHLIHEWO","child":[{"type":"module","sort_order":"1","specific_class":"","module_name":"blocklanguages","id_unique":"it_AQSWNWOESMZQ","origin_hook":"displayNav","child":false},{"type":"module","sort_order":"2","specific_class":"","module_name":"blockcurrencies","id_unique":"it_TBHZWQMSRAVJ","origin_hook":"displayNav","child":false}]}]},{"type":"module","sort_order":"2","specific_class":"","module_name":"blockcontact","id_unique":"it_KECTBKVIYTLV","origin_hook":"displayNav","child":false}]},{"type":"col","sort_order":"2","specific_class":"justify-end align-items-center responsive-elements-2","col_xs":"col-xs-12","col_sm":"","col_md":"col-md-7","col_lg":"","id_unique":"it_KEWYGRRGUDQK","child":[{"type":"module","sort_order":"1","specific_class":"","module_name":"tmheaderaccount","id_unique":"it_PJVHKZWWFMRS","origin_hook":"displayNav","child":false}]}]}]},{"type":"wrapper","sort_order":"2","specific_class":"container offset-1","id_unique":"it_IJUNUTCWDGWY","child":[{"type":"row","sort_order":"1","specific_class":"align-items-center","id_unique":"it_VQJLYLPELERL","child":[{"type":"col","sort_order":"1","specific_class":"","col_xs":"col-xs-12","col_sm":"","col_md":"col-md-5","col_lg":"","id_unique":"it_RAJHTTMXAWDI","child":[{"type":"block","sort_order":"1","specific_class":"","module_name":"logo","id_unique":"it_YIWVBPOSOWTC","child":false}]},{"type":"col","sort_order":"2","specific_class":"justify-end align-items-center responsive-elements","col_xs":"col-xs-12","col_sm":"","col_md":"col-md-7","col_lg":"","id_unique":"it_SIVPGWXAXYJV","child":[{"type":"module","sort_order":"2","specific_class":"with-out-icon","module_name":"blockcart","id_unique":"it_GQKLAPNPRFKL","origin_hook":"displayTop","child":false},{"type":"module","sort_order":"1","specific_class":"with-out-icon","module_name":"blockwishlist","id_unique":"it_SXOFNMOWNTEU","origin_hook":"displayTop","child":false}]}]}]},{"type":"wrapper","sort_order":"3","specific_class":"container inset-2 stick-up-container divider-bottom-big","id_unique":"it_MAEWIABCIVND","child":[{"type":"row","sort_order":"1","specific_class":"","id_unique":"it_NMNZTOWECIZT","child":[{"type":"col","sort_order":"1","specific_class":"justify-space-between responsive-wrapper align-items-center divider-top","col_xs":"col-xs-12","col_sm":"","col_md":"","col_lg":"","id_unique":"it_YBDTFPTYDPWX","child":[{"type":"module","sort_order":"1","specific_class":"font-regular","module_name":"tmmegamenu","id_unique":"it_LWVFAYPGUVEK","origin_hook":"displayTop","child":false},{"type":"module","sort_order":"2","specific_class":"","module_name":"tmsearch","id_unique":"it_RBQUMEBOOTMX","origin_hook":"displayTop","child":false}]}]}]},{"type":"wrapper","sort_order":"4","specific_class":"","id_unique":"it_LJGESLLTYBXD","child":[{"type":"row","sort_order":"1","specific_class":"","id_unique":"it_DSEDIQHRGXTY","child":[{"type":"col","sort_order":"1","specific_class":"","col_xs":"col-xs-12","col_sm":"","col_md":"","col_lg":"","id_unique":"it_PBXUIOWGTIHI","child":[{"type":"module","sort_order":"1","specific_class":"","module_name":"sekeywords","id_unique":"it_IFLCJUHPHAMU","origin_hook":"displayTop","child":false},{"type":"module","sort_order":"2","specific_class":"","module_name":"pagesnotfound","id_unique":"it_TEXEQYPGIMHK","origin_hook":"displayTop","child":false}]}]}]}]