[{"type":"wrapper","sort_order":"1","specific_class":"container inset-1 nav-section divider-bottom","id_unique":"it_TCMZJKEJTMCC","child":[{"type":"row","sort_order":"1","specific_class":"align-items-center","id_unique":"it_GQOSLKMZFFRP","child":[{"type":"col","sort_order":"1","specific_class":"align-items-center responsive-elements","col_xs":"col-xs-12","col_sm":"","col_md":"col-md-5","col_lg":"","id_unique":"it_BAVQXCJKAMQF","child":[{"type":"row","sort_order":"1","specific_class":"config-wrap","id_unique":"it_RRHPNRYGERHT","child":[{"type":"col","sort_order":"1","specific_class":"toogle_content config-body","col_xs":"col-xs-12","col_sm":"","col_md":"","col_lg":"","id_unique":"it_LLDNIQYSGJBI","child":[{"type":"module","sort_order":"1","specific_class":"","module_name":"blocklanguages","id_unique":"it_TCWEIPEOAZTO","origin_hook":"displayNav","child":false},{"type":"module","sort_order":"2","specific_class":"","module_name":"blockcurrencies","id_unique":"it_YVJLDJKFHVCF","origin_hook":"displayNav","child":false}]}]},{"type":"module","sort_order":"2","specific_class":"dont-move","module_name":"blockcontact","id_unique":"it_COINDCAOYPDW","origin_hook":"displayNav","child":false}]},{"type":"col","sort_order":"2","specific_class":"justify-end align-items-center responsive-elements-2","col_xs":"col-xs-12","col_sm":"","col_md":"col-md-7","col_lg":"","id_unique":"it_JXKXMUDLKKNU","child":[{"type":"module","sort_order":"4","specific_class":"","module_name":"blockcart","id_unique":"it_NUSFUXPCZZNP","origin_hook":"displayTop","child":false},{"type":"module","sort_order":"3","specific_class":"","module_name":"blockwishlist","id_unique":"it_GWFDEUAHOCQB","origin_hook":"displayTop","child":false},{"type":"module","sort_order":"2","specific_class":"","module_name":"tmsearch","id_unique":"it_QXFVDQXNMBXX","origin_hook":"displayTop","child":false},{"type":"module","sort_order":"1","specific_class":"with-out-icon","module_name":"tmheaderaccount","id_unique":"it_GNENMPMHKPXG","origin_hook":"displayNav","child":false}]}]}]},{"type":"wrapper","sort_order":"2","specific_class":"container offset-1","id_unique":"it_KPLUBBCPGRBD","child":[{"type":"row","sort_order":"1","specific_class":"","id_unique":"it_OWZXFHHHEUZW","child":[{"type":"col","sort_order":"1","specific_class":"justify-center","col_xs":"col-xs-12","col_sm":"","col_md":"","col_lg":"","id_unique":"it_IANBHSZKLGUB","child":[{"type":"block","sort_order":"1","specific_class":"","module_name":"logo","id_unique":"it_LZGBCCIVIVEN","child":false}]}]}]},{"type":"wrapper","sort_order":"3","specific_class":"container bg-dark inset-2 stick-up-container","id_unique":"it_UAZLKRALKCTA","child":[{"type":"row","sort_order":"1","specific_class":"","id_unique":"it_NOHUAJLHIWPR","child":[{"type":"col","sort_order":"1","specific_class":"justify-center responsive-wrapper","col_xs":"col-xs-12","col_sm":"","col_md":"","col_lg":"","id_unique":"it_DONNBANDWAAX","child":[{"type":"module","sort_order":"1","specific_class":"","module_name":"tmmegamenu","id_unique":"it_ROTVIUKABGDL","origin_hook":"displayTop","child":false}]}]}]},{"type":"wrapper","sort_order":"4","specific_class":"","id_unique":"it_CRYGUWHOTWVA","child":[{"type":"row","sort_order":"1","specific_class":"","id_unique":"it_UQHVFTKTXVQW","child":[{"type":"col","sort_order":"1","specific_class":"","col_xs":"col-xs-12","col_sm":"","col_md":"","col_lg":"","id_unique":"it_PEOODHFUQKNC","child":[{"type":"module","sort_order":"1","specific_class":"","module_name":"sekeywords","id_unique":"it_KTLOIVAYYGJF","origin_hook":"displayTop","child":false},{"type":"module","sort_order":"2","specific_class":"","module_name":"pagesnotfound","id_unique":"it_EQPJQUTZCXNF","origin_hook":"displayTop","child":false}]}]}]}]