[{"type":"wrapper","sort_order":"1","specific_class":"container offset-1","id_unique":"it_SVVHBZXMEGYH","child":[{"type":"row","sort_order":"1","specific_class":"align-items-center","id_unique":"it_NGWWTIYOXKRN","child":[{"type":"col","sort_order":"1","specific_class":"","col_xs":"col-xs-12","col_sm":"col-sm-9","col_md":"","col_lg":"col-lg-8","id_unique":"it_JXNLQTILSLYU","child":[{"type":"block","sort_order":"1","specific_class":"","module_name":"logo","id_unique":"it_JQBBDTNQUJZM","child":false}]},{"type":"col","sort_order":"2","specific_class":"justify-end align-items-center","col_xs":"col-xs-12","col_sm":"col-sm-3","col_md":"","col_lg":"col-lg-4","id_unique":"it_KSTYOFEUGDCQ","child":[{"type":"module","sort_order":"4","specific_class":"","module_name":"blockcart","id_unique":"it_FOYDRLSMTFAC","origin_hook":"displayTop","child":false},{"type":"module","sort_order":"3","specific_class":"","module_name":"blockwishlist","id_unique":"it_ADUXBUFNQPBI","origin_hook":"displayTop","child":false},{"type":"module","sort_order":"2","specific_class":"","module_name":"tmheaderaccount","id_unique":"it_BUYONNEZMHMN","origin_hook":"displayNav","child":false},{"type":"row","sort_order":"1","specific_class":"config-wrap","id_unique":"it_AUUSCMHIIUNJ","child":[{"type":"col","sort_order":"1","specific_class":"toogle_content config-body","col_xs":"col-xs-12","col_sm":"","col_md":"","col_lg":"","id_unique":"it_DIBBEIMNFFWT","child":[{"type":"module","sort_order":"1","specific_class":"","module_name":"blocklanguages","id_unique":"it_RINRIVLOHYVQ","origin_hook":"displayNav","child":false},{"type":"module","sort_order":"2","specific_class":"","module_name":"blockcurrencies","id_unique":"it_JWUEBTYYNQKN","origin_hook":"displayNav","child":false}]}]}]}]}]},{"type":"wrapper","sort_order":"2","specific_class":"container bg-dark inset-2 stick-up-container","id_unique":"it_ZRFCYRPQKAQL","child":[{"type":"row","sort_order":"1","specific_class":"","id_unique":"it_MXDIKFDJNUOP","child":[{"type":"col","sort_order":"1","specific_class":"align-items-center justify-space-between","col_xs":"col-xs-12","col_sm":"","col_md":"","col_lg":"","id_unique":"it_PMIWNDTUGBKP","child":[{"type":"module","sort_order":"1","specific_class":"","module_name":"tmmegamenu","id_unique":"it_HJRRDHZVJVXJ","origin_hook":"displayTop","child":false},{"type":"module","sort_order":"2","specific_class":"","module_name":"tmsearch","id_unique":"it_JOUJWUGJIOAH","origin_hook":"displayTop","child":false}]}]}]},{"type":"wrapper","sort_order":"3","specific_class":"","id_unique":"it_EYNBNXTCTGJO","child":[{"type":"row","sort_order":"1","specific_class":"","id_unique":"it_BMFNIDPSHADZ","child":[{"type":"col","sort_order":"1","specific_class":"","col_xs":"col-xs-12","col_sm":"","col_md":"","col_lg":"","id_unique":"it_PGGYAFCRNIYY","child":[{"type":"module","sort_order":"1","specific_class":"","module_name":"sekeywords","id_unique":"it_EFAZEJVJAZKR","origin_hook":"displayTop","child":false},{"type":"module","sort_order":"2","specific_class":"","module_name":"pagesnotfound","id_unique":"it_JJLUQLRRNLSD","origin_hook":"displayTop","child":false}]}]}]}]