[{"type":"wrapper","sort_order":"1","specific_class":"container","id_unique":"it_KHASAQOIGBRX","child":[{"type":"row","sort_order":"1","specific_class":"offset-5","id_unique":"it_LFBYELVEKHJN","child":[{"type":"col","sort_order":"1","specific_class":"","col_xs":"col-xs-12","col_sm":"col-sm-3","col_md":"","col_lg":"","id_unique":"it_NZKXTJLMDBQN","child":[{"type":"module","sort_order":"1","specific_class":"","module_name":"blockcms","id_unique":"it_PXDUMACXIRKL","origin_hook":"displayFooter","child":false}]},{"type":"col","sort_order":"2","specific_class":"","col_xs":"col-xs-12","col_sm":"col-sm-3","col_md":"","col_lg":"","id_unique":"it_GBVZNASLEXDY","child":[{"type":"module","sort_order":"1","specific_class":"","module_name":"blockcategories","id_unique":"it_IVQCWJLWGHQR","origin_hook":"displayFooter","child":false}]},{"type":"col","sort_order":"3","specific_class":"","col_xs":"col-xs-12","col_sm":"col-sm-3","col_md":"","col_lg":"","id_unique":"it_JUUMEWBYAPTP","child":[{"type":"module","sort_order":"1","specific_class":"","module_name":"blockmyaccountfooter","id_unique":"it_VFTFOEYXTPGM","origin_hook":"displayFooter","child":false}]},{"type":"col","sort_order":"4","specific_class":"","col_xs":"col-xs-12","col_sm":"col-sm-3","col_md":"","col_lg":"","id_unique":"it_PDMJMWAOWYWU","child":[{"type":"module","sort_order":"1","specific_class":"","module_name":"blockcontactinfos","id_unique":"it_AXYIVPTTHNWT","origin_hook":"displayFooter","child":false}]}]},{"type":"row","sort_order":"2","specific_class":"","id_unique":"it_URLGQMXZHSHC","child":[{"type":"col","sort_order":"1","specific_class":"copyright-block","col_xs":"col-xs-12","col_sm":"","col_md":"","col_lg":"","id_unique":"it_OCRXUKYSKIEA","child":[{"type":"module","sort_order":"2","specific_class":"","module_name":"blocksocial","id_unique":"it_UMQTFBSPSCZU","origin_hook":"displayFooter","child":false},{"type":"block","sort_order":"1","specific_class":"","module_name":"copyright","id_unique":"it_NAVLTATGLATI","child":false}]}]}]},{"type":"wrapper","sort_order":"2","specific_class":"","id_unique":"it_CUAWFJNQDHXF","child":[{"type":"row","sort_order":"1","specific_class":"","id_unique":"it_VYEBTRCTDBRW","child":[{"type":"col","sort_order":"1","specific_class":"","col_xs":"col-xs-12","col_sm":"","col_md":"","col_lg":"","id_unique":"it_ZULTTVOCSVSY","child":[{"type":"module","sort_order":"1","specific_class":"","module_name":"blocklayered","id_unique":"it_YRXOOERWGFPV","origin_hook":"displayFooter","child":false},{"type":"module","sort_order":"2","specific_class":"","module_name":"statsdata","id_unique":"it_JHHJQOLMFGUO","origin_hook":"displayFooter","child":false},{"type":"module","sort_order":"3","specific_class":"","module_name":"themeconfigurator","id_unique":"it_TYRITJTXVNCU","origin_hook":"displayFooter","child":false},{"type":"module","sort_order":"4","specific_class":"","module_name":"tmolarkchat","id_unique":"it_LARTUVWQUIBV","origin_hook":"displayFooter","child":false},{"type":"module","sort_order":"5","specific_class":"","module_name":"tmnewsletter","id_unique":"it_BWHWAPLUVMUG","origin_hook":"displayFooter","child":false},{"type":"module","sort_order":"6","specific_class":"","module_name":"tminfinitescroll","id_unique":"it_VQBTIZZFICGQ","origin_hook":"displayFooter","child":false}]}]}]}]