[{"type":"wrapper","sort_order":"1","specific_class":"container offset-4","id_unique":"it_UDKLUGGXUQTF","child":[{"type":"row","sort_order":"1","specific_class":"","id_unique":"it_UTKBULXWRXKZ","child":[{"type":"col","sort_order":"1","specific_class":"","col_xs":"col-xs-12","col_sm":"","col_md":"","col_lg":"","id_unique":"it_WTYCSDINVPGZ","child":[{"type":"module","sort_order":"1","specific_class":"","module_name":"tmmosaicproducts","id_unique":"it_MAVOAIATEQEZ","origin_hook":"displayHome","child":false}]}]},{"type":"row","sort_order":"2","specific_class":"divider-top-big inset-5 offset-4","id_unique":"it_BCNLOCFJJNHQ","child":[{"type":"col","sort_order":"1","specific_class":"","col_xs":"col-xs-12","col_sm":"","col_md":"","col_lg":"","id_unique":"it_EHZIJXIEXCDP","child":[{"type":"module","sort_order":"1","specific_class":"","module_name":"tmmanufacturerblock","id_unique":"it_GZJJFJCKQCFY","origin_hook":"displayHome","child":false}]}]}]}]