[{"type":"wrapper","sort_order":"3","specific_class":"container bg-dark text-center","id_unique":"it_DSBIAUBNHQFT","child":[{"type":"row","sort_order":"1","specific_class":"","id_unique":"it_JTLJHULBWSQB","child":[{"type":"col","sort_order":"1","specific_class":"","col_xs":"col-xs-12","col_sm":"","col_md":"","col_lg":"","id_unique":"it_XLWATGYOWUTY","child":[{"type":"module","sort_order":"1","specific_class":"","module_name":"tmhtmlcontent","id_unique":"it_BRXFYATFTVPO","origin_hook":"displayFooter","child":false},{"type":"module","sort_order":"2","specific_class":"","module_name":"blocksocial","id_unique":"it_TUDDJIFFQNLN","origin_hook":"displayFooter","child":false},{"type":"module","sort_order":"3","specific_class":"","module_name":"blockpaymentlogo","id_unique":"it_NVQOQJCGRPPE","origin_hook":"displayFooter","child":false}]}]},{"type":"row","sort_order":"2","specific_class":"","id_unique":"it_CQOWAXMIDSCR","child":[{"type":"col","sort_order":"1","specific_class":"copyright-block center","col_xs":"col-xs-12","col_sm":"","col_md":"","col_lg":"","id_unique":"it_FOKFTMDYSPBD","child":[{"type":"block","sort_order":"1","specific_class":"","module_name":"copyright","id_unique":"it_DFZZNAOBCHEK","child":false}]}]}]},{"type":"wrapper","sort_order":"4","specific_class":"","id_unique":"it_ESPIEEVZDVDD","child":[{"type":"row","sort_order":"1","specific_class":"","id_unique":"it_IMDEHKGDDCLV","child":[{"type":"col","sort_order":"1","specific_class":"","col_xs":"col-xs-12","col_sm":"","col_md":"","col_lg":"","id_unique":"it_AEFMUDFGBVDD","child":[{"type":"module","sort_order":"1","specific_class":"","module_name":"blocklayered","id_unique":"it_YQSVBSRTIJOT","origin_hook":"displayFooter","child":false},{"type":"module","sort_order":"2","specific_class":"","module_name":"statsdata","id_unique":"it_JBKVIDFLWIMH","origin_hook":"displayFooter","child":false},{"type":"module","sort_order":"3","specific_class":"","module_name":"themeconfigurator","id_unique":"it_UYXMGOKKCHPZ","origin_hook":"displayFooter","child":false},{"type":"module","sort_order":"4","specific_class":"","module_name":"tmolarkchat","id_unique":"it_EVRCKIQLMLSQ","origin_hook":"displayFooter","child":false},{"type":"module","sort_order":"5","specific_class":"","module_name":"tmnewsletter","id_unique":"it_XSFOZFVASYIR","origin_hook":"displayFooter","child":false},{"type":"module","sort_order":"6","specific_class":"","module_name":"tminfinitescroll","id_unique":"it_OFKNXQCXZHGU","origin_hook":"displayFooter","child":false}]}]}]},{"type":"wrapper","sort_order":"1","specific_class":"container rd-parallax-3 inset-4","id_unique":"it_NHAHNVIFMCME","child":[{"type":"row","sort_order":"1","specific_class":"","id_unique":"it_UTIKJGMAUBRX","child":[{"type":"col","sort_order":"1","specific_class":"","col_xs":"col-xs-12","col_sm":"","col_md":"","col_lg":"","id_unique":"it_AFFSREDRJQEQ","child":[{"type":"module","sort_order":"1","specific_class":"","module_name":"blocknewsletter","id_unique":"it_SYMRCIHNDYPU","origin_hook":"displayFooter","child":false}]}]}]},{"type":"row","sort_order":"2","specific_class":"","id_unique":"it_RWLZLBJZALQN","child":[{"type":"col","sort_order":"1","specific_class":"","col_xs":"col-xs-12","col_sm":"","col_md":"","col_lg":"","id_unique":"it_ZAFQLSJHLGOF","child":[{"type":"module","sort_order":"1","specific_class":"","module_name":"tmgooglemap","id_unique":"it_GHUBMIYGDWKY","origin_hook":"displayFooter","child":false}]}]}]