[{"type":"wrapper","sort_order":"1","specific_class":"container","id_unique":"it_RHZMQNXSGURU","child":[{"type":"row","sort_order":"1","specific_class":"inset-3","id_unique":"it_TGULCZOOBOBF","child":[{"type":"col","sort_order":"1","specific_class":"inline-lists","col_xs":"col-xs-12","col_sm":"col-sm-7","col_md":"col-md-9","col_lg":"","id_unique":"it_FZGZANFJSTYP","child":[{"type":"module","sort_order":"1","specific_class":"","module_name":"blockcms","id_unique":"it_KISMHTPAMJOX","origin_hook":"displayFooter","child":false},{"type":"module","sort_order":"2","specific_class":"","module_name":"blockmyaccountfooter","id_unique":"it_XXGKIXSPYYJJ","origin_hook":"displayFooter","child":false},{"type":"module","sort_order":"3","specific_class":"","module_name":"blockcontactinfos","id_unique":"it_EZOHSDXMNHWZ","origin_hook":"displayFooter","child":false}]},{"type":"col","sort_order":"2","specific_class":"","col_xs":"col-xs-12","col_sm":"col-sm-4","col_md":"col-md-3","col_lg":"","id_unique":"it_ASWWLYJHWKNB","child":[{"type":"module","sort_order":"1","specific_class":"","module_name":"blocknewsletter","id_unique":"it_RBEERABPMDYB","origin_hook":"displayFooter","child":false},{"type":"module","sort_order":"2","specific_class":"","module_name":"blocksocial","id_unique":"it_TOWRMHUFEJEI","origin_hook":"displayFooter","child":false}]}]},{"type":"row","sort_order":"2","specific_class":"","id_unique":"it_JYUAIUWVVPHM","child":[{"type":"col","sort_order":"1","specific_class":"copyright-block","col_xs":"col-xs-12","col_sm":"","col_md":"","col_lg":"","id_unique":"it_OISJNZUTXNGJ","child":[{"type":"block","sort_order":"1","specific_class":"","module_name":"copyright","id_unique":"it_WGLTBSHFXIGZ","child":false}]}]}]},{"type":"wrapper","sort_order":"2","specific_class":"","id_unique":"it_TEKEQGBNMYTF","child":[{"type":"row","sort_order":"1","specific_class":"","id_unique":"it_BICSTAMYPNPR","child":[{"type":"col","sort_order":"1","specific_class":"","col_xs":"col-xs-12","col_sm":"","col_md":"","col_lg":"","id_unique":"it_CLBZGEBGQBVX","child":[{"type":"module","sort_order":"1","specific_class":"","module_name":"blocklayered","id_unique":"it_CGIGXBLAKGBN","origin_hook":"displayFooter","child":false},{"type":"module","sort_order":"2","specific_class":"","module_name":"statsdata","id_unique":"it_BLNDDUUFDJMH","origin_hook":"displayFooter","child":false},{"type":"module","sort_order":"3","specific_class":"","module_name":"themeconfigurator","id_unique":"it_WYXTEYCQNPWL","origin_hook":"displayFooter","child":false},{"type":"module","sort_order":"4","specific_class":"","module_name":"tmolarkchat","id_unique":"it_KZSLIKBZTCKE","origin_hook":"displayFooter","child":false},{"type":"module","sort_order":"5","specific_class":"","module_name":"tmnewsletter","id_unique":"it_IVNSBQOCOKPB","origin_hook":"displayFooter","child":false},{"type":"module","sort_order":"6","specific_class":"","module_name":"tminfinitescroll","id_unique":"it_VVYCCMXRWBFQ","origin_hook":"displayFooter","child":false}]}]}]}]