[{"type":"wrapper","sort_order":"1","specific_class":"container offset-4","id_unique":"it_RJDXLHWZFUUK","child":[{"type":"row","sort_order":"1","specific_class":"","id_unique":"it_BFFTFSOYIHJT","child":[{"type":"col","sort_order":"1","specific_class":"","col_xs":"col-xs-12","col_sm":"","col_md":"","col_lg":"","id_unique":"it_EQBZMICIEPFW","child":[{"type":"module","sort_order":"1","specific_class":"carousel","module_name":"homefeatured","id_unique":"it_MTFSAEPWTSFX","origin_hook":"displayHome","child":false}]}]},{"type":"row","sort_order":"2","specific_class":"offset-4","id_unique":"it_OQWBBNNAVKHC","child":[{"type":"col","sort_order":"1","specific_class":"","col_xs":"col-xs-12","col_sm":"","col_md":"","col_lg":"","id_unique":"it_OKSISBJCUBKC","child":[{"type":"module","sort_order":"1","specific_class":"","module_name":"tmhtmlcontent","id_unique":"it_ZKREDBAUXEFM","origin_hook":"displayHome","child":false}]}]},{"type":"row","sort_order":"3","specific_class":"offset-3 bg-secondary-2","id_unique":"it_YQKXLPOOJOGV","child":[{"type":"col","sort_order":"1","specific_class":"","col_xs":"col-xs-12","col_sm":"","col_md":"","col_lg":"","id_unique":"it_ZORHNWJBIEWY","child":[{"type":"module","sort_order":"1","specific_class":"","module_name":"tmproductsslider","id_unique":"it_PIMFQRBEVPEB","origin_hook":"displayHome","child":false}]}]},{"type":"row","sort_order":"4","specific_class":"offset-3","id_unique":"it_SITQXVDZMAGG","child":[{"type":"col","sort_order":"1","specific_class":"","col_xs":"col-xs-12","col_sm":"","col_md":"","col_lg":"","id_unique":"it_DEEZNHXZWBWU","child":[{"type":"module","sort_order":"1","specific_class":"","module_name":"tmmanufacturerblock","id_unique":"it_LHBUPVXWWALF","origin_hook":"displayHome","child":false}]}]}]},{"type":"wrapper","sort_order":"2","specific_class":"offset-4","id_unique":"it_YWQLELGPSMTT","child":[{"type":"row","sort_order":"1","specific_class":"","id_unique":"it_PPZPWJUBIULA","child":[{"type":"col","sort_order":"1","specific_class":"","col_xs":"col-xs-12","col_sm":"","col_md":"","col_lg":"","id_unique":"it_OZDCDAOPYIUD","child":[{"type":"module","sort_order":"1","specific_class":"","module_name":"tmslider","id_unique":"it_ZTWSPYDZRJAC","origin_hook":"displayHome","child":false}]}]}]},{"type":"wrapper","sort_order":"3","specific_class":"container offset-3","id_unique":"it_OWLKRHCXNQKW","child":[{"type":"row","sort_order":"1","specific_class":"","id_unique":"it_BWKYVISNUJTU","child":[{"type":"col","sort_order":"1","specific_class":"","col_xs":"col-xs-12","col_sm":"","col_md":"","col_lg":"","id_unique":"it_HTHZVERRXWTS","child":[{"type":"module","sort_order":"1","specific_class":"","module_name":"smartbloghomelatestnews","id_unique":"it_VPFMQCMQVKJM","origin_hook":"displayHome","child":false}]}]}]}]