[{"type":"wrapper","sort_order":"1","specific_class":"container","id_unique":"it_YLPQSHZVKRSC","child":[{"type":"row","sort_order":"1","specific_class":"offset-3","id_unique":"it_ZZIPEMLSGWXQ","child":[{"type":"col","sort_order":"1","specific_class":"","col_xs":"col-xs-12","col_sm":"","col_md":"","col_lg":"","id_unique":"it_AACDXALLUASK","child":[{"type":"module","sort_order":"1","specific_class":"","module_name":"blockcmsinfo","id_unique":"it_CVPCTVPFYGRP","origin_hook":"displayHome","child":false}]}]},{"type":"row","sort_order":"2","specific_class":"divider-top-big inset-3 offset-3","id_unique":"it_KTYRFBYLTHOQ","child":[{"type":"col","sort_order":"1","specific_class":"","col_xs":"col-xs-12","col_sm":"","col_md":"","col_lg":"","id_unique":"it_WVFGGUKHBEGJ","child":[{"type":"module","sort_order":"1","specific_class":"","module_name":"homefeatured","id_unique":"it_HDFCUEBOODYO","origin_hook":"displayHome","child":false}]}]}]},{"type":"wrapper","sort_order":"3","specific_class":"container","id_unique":"it_YVKZWPHNIWBX","child":[{"type":"row","sort_order":"1","specific_class":"offset-3","id_unique":"it_WQCHOENRFKLM","child":[{"type":"col","sort_order":"1","specific_class":"","col_xs":"col-xs-12","col_sm":"","col_md":"","col_lg":"","id_unique":"it_AAMQHAOILUGJ","child":[{"type":"module","sort_order":"1","specific_class":"","module_name":"tmmanufacturerblock","id_unique":"it_IIYCVPNSTGCF","origin_hook":"displayHome","child":false}]}]},{"type":"row","sort_order":"2","specific_class":"bg-secondary offset-4 inset-4","id_unique":"it_BSBUMUSBKDIV","child":[{"type":"col","sort_order":"1","specific_class":"","col_xs":"col-xs-12","col_sm":"","col_md":"","col_lg":"","id_unique":"it_HPTEUMAIZWHV","child":[{"type":"module","sort_order":"1","specific_class":"carousel small-items","module_name":"smartbloghomelatestnews","id_unique":"it_LYTUMUYSUYQB","origin_hook":"displayHome","child":false}]}]}]},{"type":"row","sort_order":"2","specific_class":"offset-3","id_unique":"it_YSXZLWLAIQVE","child":[{"type":"col","sort_order":"1","specific_class":"","col_xs":"col-xs-12","col_sm":"","col_md":"","col_lg":"","id_unique":"it_WVCVEUTTMCIE","child":[{"type":"module","sort_order":"1","specific_class":"","module_name":"tmhomepagecategorygallery","id_unique":"it_PBZJWSLHFFDX","origin_hook":"displayHome","child":false}]}]}]