[{"type":"wrapper","sort_order":"1","specific_class":"container bg-secondary","id_unique":"it_EYEPEGWBPSXJ","child":[{"type":"row","sort_order":"1","specific_class":"","id_unique":"it_NDYSRKHZQDMG","child":[{"type":"col","sort_order":"1","specific_class":"","col_xs":"col-xs-12","col_sm":"","col_md":"","col_lg":"","id_unique":"it_XYKALSMDWFXJ","child":[{"type":"module","sort_order":"1","specific_class":"","module_name":"tmproductsslider","id_unique":"it_MOGGMGPXRTKQ","origin_hook":"displayTopColumn","child":false}]}]}]}]