[{"type":"wrapper","sort_order":"1","specific_class":"container","id_unique":"it_FWJBCHNJUYFY","child":[{"type":"row","sort_order":"1","specific_class":"inset-5","id_unique":"it_OQDAICBCNOVA","child":[{"type":"col","sort_order":"1","specific_class":"","col_xs":"col-xs-12","col_sm":"","col_md":"","col_lg":"","id_unique":"it_KAYGUAQOQSTA","child":[{"type":"module","sort_order":"1","specific_class":"","module_name":"blocknewsletter","id_unique":"it_OIATBDLNHTFI","origin_hook":"displayFooter","child":false}]}]},{"type":"row","sort_order":"2","specific_class":"divider-top-big","id_unique":"it_PFEVPUORQCFY","child":[{"type":"col","sort_order":"1","specific_class":"","col_xs":"col-xs-12","col_sm":"col-sm-3","col_md":"","col_lg":"","id_unique":"it_LBVWIDSQQKBQ","child":[{"type":"module","sort_order":"1","specific_class":"","module_name":"blockcms","id_unique":"it_GTHNTDIUAPCD","origin_hook":"displayFooter","child":false}]},{"type":"col","sort_order":"2","specific_class":"","col_xs":"col-xs-12","col_sm":"col-sm-3","col_md":"","col_lg":"","id_unique":"it_XUFQTLDORVGE","child":[{"type":"module","sort_order":"1","specific_class":"","module_name":"blockcategories","id_unique":"it_JHXIHKOMNHTU","origin_hook":"displayFooter","child":false}]},{"type":"col","sort_order":"3","specific_class":"","col_xs":"col-xs-12","col_sm":"col-sm-3","col_md":"","col_lg":"","id_unique":"it_VPVEEROUDGGQ","child":[{"type":"module","sort_order":"1","specific_class":"","module_name":"blockmyaccountfooter","id_unique":"it_KVUVLGDMGHAH","origin_hook":"displayFooter","child":false}]},{"type":"col","sort_order":"4","specific_class":"","col_xs":"col-xs-12","col_sm":"col-sm-3","col_md":"","col_lg":"","id_unique":"it_YLOWBZKXEZLG","child":[{"type":"module","sort_order":"1","specific_class":"","module_name":"blockcontactinfos","id_unique":"it_XMUEOPCCOINA","origin_hook":"displayFooter","child":false},{"type":"module","sort_order":"2","specific_class":"","module_name":"blocksocial","id_unique":"it_SFHLNFAOCWFM","origin_hook":"displayFooter","child":false}]}]},{"type":"row","sort_order":"3","specific_class":"","id_unique":"it_JWDAOZOYTJDF","child":[{"type":"col","sort_order":"1","specific_class":"copyright-block","col_xs":"col-xs-12","col_sm":"","col_md":"","col_lg":"","id_unique":"it_PSJYQVMRJIUZ","child":[{"type":"block","sort_order":"1","specific_class":"","module_name":"copyright","id_unique":"it_XAJXGYKZGBOQ","child":false},{"type":"module","sort_order":"2","specific_class":"","module_name":"blockpaymentlogo","id_unique":"it_GOICHHCRKWGG","origin_hook":"displayFooter","child":false}]}]}]},{"type":"wrapper","sort_order":"2","specific_class":"","id_unique":"it_HHGYHJOQXGJW","child":[{"type":"row","sort_order":"1","specific_class":"","id_unique":"it_HSHHEPYKIBHS","child":[{"type":"col","sort_order":"1","specific_class":"","col_xs":"col-xs-12","col_sm":"","col_md":"","col_lg":"","id_unique":"it_CCGXIMMEZXNA","child":[{"type":"module","sort_order":"1","specific_class":"","module_name":"blocklayered","id_unique":"it_NBIWXRQHVHOI","origin_hook":"displayFooter","child":false},{"type":"module","sort_order":"2","specific_class":"","module_name":"statsdata","id_unique":"it_ZGVGLRISLQFZ","origin_hook":"displayFooter","child":false},{"type":"module","sort_order":"3","specific_class":"","module_name":"themeconfigurator","id_unique":"it_JUQBYRFBUYQX","origin_hook":"displayFooter","child":false},{"type":"module","sort_order":"4","specific_class":"","module_name":"tmolarkchat","id_unique":"it_TRPTGZMFCSAI","origin_hook":"displayFooter","child":false},{"type":"module","sort_order":"5","specific_class":"","module_name":"tmnewsletter","id_unique":"it_MPWQIWGPKDLK","origin_hook":"displayFooter","child":false},{"type":"module","sort_order":"6","specific_class":"","module_name":"tminfinitescroll","id_unique":"it_OEZYZHWZPTAF","origin_hook":"displayFooter","child":false}]}]}]}]