[{"type":"wrapper","sort_order":"1","specific_class":"container","id_unique":"it_ZMKPUEHQZIQI","child":[{"type":"row","sort_order":"1","specific_class":"","id_unique":"it_CVUSXTBHMRHH","child":[{"type":"col","sort_order":"1","specific_class":"","col_xs":"col-xs-12","col_sm":"","col_md":"","col_lg":"","id_unique":"it_SRXJGAMDFJBM","child":[{"type":"module","sort_order":"1","specific_class":"","module_name":"tmslider","id_unique":"it_RXBWYINPXMEQ","origin_hook":"displayTopColumn","child":false}]}]}]}]