[{"type":"wrapper","sort_order":"1","specific_class":"container stick-up-container offset-1","id_unique":"it_OIWAAMWFGAES","child":[{"type":"row","sort_order":"1","specific_class":"align-items-center","id_unique":"it_NFUNPUEELOJO","child":[{"type":"col","sort_order":"1","specific_class":"justify-start mobile-stickup","col_xs":"col-xs-12","col_sm":"","col_md":"col-md-4","col_lg":"","id_unique":"it_HTXFIPRTGTPB","child":[{"type":"module","sort_order":"1","specific_class":"hamburger-menu","module_name":"tmmegamenu","id_unique":"it_BNSHZOSADWSH","origin_hook":"displayTop","child":false},{"type":"row","sort_order":"2","specific_class":"config-wrap hidden-view","id_unique":"it_DYEKHCTYEGNX","child":[{"type":"col","sort_order":"1","specific_class":"toogle_content config-body","col_xs":"col-xs-12","col_sm":"","col_md":"","col_lg":"","id_unique":"it_YRIXXTAAGRPH","child":[{"type":"module","sort_order":"1","specific_class":"","module_name":"blocklanguages","id_unique":"it_BNOXLEWOPFVY","origin_hook":"displayNav","child":false},{"type":"module","sort_order":"2","specific_class":"","module_name":"blockcurrencies","id_unique":"it_FLHMDJRMJKSV","origin_hook":"displayNav","child":false}]}]},{"type":"module","sort_order":"3","specific_class":"","module_name":"tmheaderaccount","id_unique":"it_SHAJRNYAWHTR","origin_hook":"displayNav","child":false}]},{"type":"col","sort_order":"2","specific_class":"justify-center","col_xs":"col-xs-12","col_sm":"","col_md":"col-md-4","col_lg":"","id_unique":"it_RQXBPYFLYQMM","child":[{"type":"block","sort_order":"1","specific_class":"","module_name":"logo","id_unique":"it_HWCIFYCEQVHF","child":false}]},{"type":"col","sort_order":"3","specific_class":"justify-end responsive-wrapper","col_xs":"col-xs-12","col_sm":"","col_md":"col-md-4","col_lg":"","id_unique":"it_ZCXQOXKKBQQC","child":[{"type":"module","sort_order":"3","specific_class":"","module_name":"blockcart","id_unique":"it_MSITJGQUHPGK","origin_hook":"displayTop","child":false},{"type":"module","sort_order":"2","specific_class":"","module_name":"blockwishlist","id_unique":"it_MGATRWFJQFOP","origin_hook":"displayTop","child":false},{"type":"module","sort_order":"1","specific_class":"","module_name":"tmsearch","id_unique":"it_JRBVTJEQKQNW","origin_hook":"displayTop","child":false}]}]}]},{"type":"wrapper","sort_order":"2","specific_class":"","id_unique":"it_HQJMUYWVIDPV","child":[{"type":"row","sort_order":"1","specific_class":"","id_unique":"it_MHZBQHDGCCWQ","child":[{"type":"col","sort_order":"1","specific_class":"","col_xs":"col-xs-12","col_sm":"","col_md":"","col_lg":"","id_unique":"it_DXPANRXXQCDT","child":[{"type":"module","sort_order":"1","specific_class":"","module_name":"sekeywords","id_unique":"it_VDDOZQAVSPLZ","origin_hook":"displayTop","child":false},{"type":"module","sort_order":"2","specific_class":"","module_name":"pagesnotfound","id_unique":"it_ZTRNIMULXBSR","origin_hook":"displayTop","child":false}]}]}]}]