[{"type":"wrapper","sort_order":"1","specific_class":"rd-parallax-1","id_unique":"it_SECFNXVNAKYF","child":false},{"type":"wrapper","sort_order":"2","specific_class":"container offset-2","id_unique":"it_VXUARIWHYKMZ","child":[{"type":"row","sort_order":"1","specific_class":"","id_unique":"it_PHDJQYRXTGNR","child":[{"type":"col","sort_order":"1","specific_class":"","col_xs":"col-xs-12","col_sm":"","col_md":"","col_lg":"","id_unique":"it_KTZTNWXDEHUC","child":[{"type":"module","sort_order":"1","specific_class":"","module_name":"themeconfigurator","id_unique":"it_EYUNSRREPYKE","origin_hook":"displayTopColumn","child":false}]}]}]}]