[{"type":"wrapper","sort_order":"1","specific_class":"container divider-top offset-3 inset-3","id_unique":"it_ZCVVHOFSOYDU","child":[{"type":"row","sort_order":"1","specific_class":"","id_unique":"it_FWGLFOSGHZUO","child":[{"type":"col","sort_order":"1","specific_class":"","col_xs":"col-xs-12","col_sm":"","col_md":"","col_lg":"","id_unique":"it_BPYSCZLLDHCG","child":[{"type":"module","sort_order":"1","specific_class":"","module_name":"blocknewsletter","id_unique":"it_KYIOHNCYMPHT","origin_hook":"displayFooter","child":false}]},{"type":"col","sort_order":"2","specific_class":"inline-lists text-center","col_xs":"col-xs-12","col_sm":"","col_md":"","col_lg":"","id_unique":"it_YJNRQYKFRSYZ","child":[{"type":"module","sort_order":"1","specific_class":"","module_name":"blockcms","id_unique":"it_WUCKZCKYAJAM","origin_hook":"displayFooter","child":false},{"type":"module","sort_order":"3","specific_class":"","module_name":"blockcontactinfos","id_unique":"it_LUMDLOULOLNB","origin_hook":"displayFooter","child":false},{"type":"module","sort_order":"4","specific_class":"","module_name":"blocksocial","id_unique":"it_RQPATIUZCGJP","origin_hook":"displayFooter","child":false},{"type":"module","sort_order":"2","specific_class":"","module_name":"blockmyaccountfooter","id_unique":"it_VXZCKTUXOMQV","origin_hook":"displayFooter","child":false}]}]},{"type":"row","sort_order":"2","specific_class":"","id_unique":"it_GDDJLKBSNIMM","child":[{"type":"col","sort_order":"1","specific_class":"copyright-block center","col_xs":"col-xs-12","col_sm":"","col_md":"","col_lg":"","id_unique":"it_DRKSINSGCTFS","child":[{"type":"block","sort_order":"1","specific_class":"","module_name":"copyright","id_unique":"it_AMSRLSOJRZKX","child":false}]}]}]},{"type":"wrapper","sort_order":"2","specific_class":"","id_unique":"it_TURGOVJMOBQT","child":[{"type":"row","sort_order":"1","specific_class":"","id_unique":"it_VOSGZZHBPKGA","child":[{"type":"col","sort_order":"1","specific_class":"","col_xs":"col-xs-12","col_sm":"","col_md":"","col_lg":"","id_unique":"it_PYXSURIPIMNK","child":[{"type":"module","sort_order":"1","specific_class":"","module_name":"blocklayered","id_unique":"it_JDZEQJPEHEIH","origin_hook":"displayFooter","child":false},{"type":"module","sort_order":"2","specific_class":"","module_name":"statsdata","id_unique":"it_MNMVPEQGENTD","origin_hook":"displayFooter","child":false},{"type":"module","sort_order":"3","specific_class":"","module_name":"themeconfigurator","id_unique":"it_MLQRSOYNBPDX","origin_hook":"displayFooter","child":false},{"type":"module","sort_order":"4","specific_class":"","module_name":"tmolarkchat","id_unique":"it_RISKAUPGPQWJ","origin_hook":"displayFooter","child":false},{"type":"module","sort_order":"5","specific_class":"","module_name":"tmnewsletter","id_unique":"it_WMZRIHYAADKN","origin_hook":"displayFooter","child":false},{"type":"module","sort_order":"6","specific_class":"","module_name":"tminfinitescroll","id_unique":"it_CRRIUKMKMAJU","origin_hook":"displayFooter","child":false}]}]}]}]