[{"type":"wrapper","sort_order":"1","specific_class":"container","id_unique":"it_VJSKAFJYNFVH","child":[{"type":"row","sort_order":"1","specific_class":"","id_unique":"it_WFGYSMOUSRKR","child":[{"type":"col","sort_order":"1","specific_class":"","col_xs":"col-xs-12","col_sm":"","col_md":"","col_lg":"","id_unique":"it_FKHTXONWGHSJ","child":[{"type":"module","sort_order":"1","specific_class":"without-slider","module_name":"tmcategoryproductsslider","id_unique":"it_CWWGBOQEGMQX","origin_hook":"displayHome","child":false}]}]},{"type":"row","sort_order":"2","specific_class":"offset-4","id_unique":"it_GTJUWLURSIEM","child":[{"type":"col","sort_order":"1","specific_class":"","col_xs":"col-xs-12","col_sm":"","col_md":"","col_lg":"","id_unique":"it_AIPJTYIWUUTU","child":[{"type":"module","sort_order":"1","specific_class":"","module_name":"tmdaydeal","id_unique":"it_FCOLMZKTNEMK","origin_hook":"displayHome","child":false}]}]}]}]