[{"type":"wrapper","sort_order":"1","specific_class":"container offset-3","id_unique":"it_KMATGTRZOCVV","child":[{"type":"row","sort_order":"1","specific_class":"","id_unique":"it_SBUSMCTSVYKG","child":[{"type":"col","sort_order":"1","specific_class":"","col_xs":"col-xs-12","col_sm":"","col_md":"","col_lg":"","id_unique":"it_KKEYOUXQWARG","child":[{"type":"module","sort_order":"1","specific_class":"","module_name":"tmcategoryproductsslider","id_unique":"it_XVKHXXLNSPSQ","origin_hook":"displayHome","child":false}]}]}]},{"type":"row","sort_order":"2","specific_class":"offset-3","id_unique":"it_JKXTJAHHKTRL","child":[{"type":"col","sort_order":"1","specific_class":"","col_xs":"col-xs-12","col_sm":"","col_md":"","col_lg":"","id_unique":"it_QYZFYEUEYVHD","child":[{"type":"module","sort_order":"1","specific_class":"thumbnails","module_name":"tmhomepagecategorygallery","id_unique":"it_PAXVCDTBNYXA","origin_hook":"displayHome","child":false}]}]},{"type":"wrapper","sort_order":"3","specific_class":"container","id_unique":"it_MKMVVYLJITEF","child":[{"type":"row","sort_order":"1","specific_class":"offset-3","id_unique":"it_PGXHPDYTACKP","child":[{"type":"col","sort_order":"1","specific_class":"","col_xs":"col-xs-12","col_sm":"","col_md":"","col_lg":"","id_unique":"it_GZZKMAQKITAW","child":[{"type":"module","sort_order":"1","specific_class":"carousel","module_name":"homefeatured","id_unique":"it_EXERDVUJDKUV","origin_hook":"displayHome","child":false}]}]},{"type":"row","sort_order":"2","specific_class":"divider-top-big inset-3 offset-4","id_unique":"it_ZWYYRCIXOZRJ","child":[{"type":"col","sort_order":"1","specific_class":"","col_xs":"col-xs-12","col_sm":"","col_md":"","col_lg":"","id_unique":"it_LISJUVEEHTJG","child":[{"type":"module","sort_order":"1","specific_class":"small-items","module_name":"tmdaydeal","id_unique":"it_MSYCZQSADYEM","origin_hook":"displayHome","child":false}]}]},{"type":"row","sort_order":"3","specific_class":"offset-4","id_unique":"it_AJEVYAMZVJGQ","child":[{"type":"col","sort_order":"1","specific_class":"","col_xs":"col-xs-12","col_sm":"","col_md":"","col_lg":"","id_unique":"it_SBBKZPPMXHEX","child":[{"type":"module","sort_order":"1","specific_class":"","module_name":"tmcategoryproducts","id_unique":"it_APRBDKMUKEBZ","origin_hook":"displayHome","child":false}]}]}]}]